{
  "version": 1,
  "author": "Uri Shaked",
  "editor": "wokwi",
  "parts": [
    { "type": "board-esp32-devkit-c-v4", "id": "esp", "top": 19.2, "left": -4.76, "attrs": {} },
    {
      "type": "wokwi-led",
      "id": "led1",
      "top": 124,
      "left": -238.6,
      "rotate": 270,
      "attrs": { "color": "blue" }
    },
    { "type": "wokwi-pir-motion-sensor", "id": "pir1", "top": 13.6, "left": 194.22, "attrs": {} },
    {
      "type": "wokwi-buzzer",
      "id": "bz1",
      "top": -36,
      "left": -151.8,
      "attrs": { "volume": "0.1" }
    },
    {
      "type": "wokwi-resistor",
      "id": "r1",
      "top": 147.95,
      "left": -163.2,
      "attrs": { "value": "200" }
    },
    { "type": "wokwi-gnd", "id": "gnd1", "top": 76.8, "left": -173.4, "attrs": {} },
    { "type": "wokwi-gnd", "id": "gnd2", "top": 192, "left": -211.8, "attrs": {} }
  ],
  "connections": [
    [ "esp:TX", "$serialMonitor:RX", "", [] ],
    [ "esp:RX", "$serialMonitor:TX", "", [] ],
    [ "pir1:VCC", "esp:5V", "red", [ "v163.2", "h-268.8", "v-48" ] ],
    [ "esp:GND.3", "pir1:GND", "black", [ "h38.4", "v-115.2", "h172.8", "v124.8", "h-57.6" ] ],
    [ "esp:13", "pir1:OUT", "green", [ "h-76.65", "v96", "h326.4" ] ],
    [ "esp:12", "r1:2", "green", [ "v0" ] ],
    [ "r1:1", "led1:A", "green", [ "v0" ] ],
    [ "led1:C", "gnd2:GND", "green", [ "h0" ] ],
    [ "esp:26", "bz1:2", "green", [ "h0" ] ],
    [ "bz1:1", "gnd1:GND", "green", [ "v0", "h-38.4" ] ]
  ],
  "dependencies": {}
}